profile	evaluation_species	split	selected_method	threshold	feature_count	bio_feature_count	auc	auprc	sensitivity	specificity	precision	f1	tp	fp	tn	fn
sequence_plm_ppi_expression	rice	validation	meta	0.4602385058311342	6705	49	0.826948051948052	0.7507847575746073	0.875	0.5714285714285714	0.5147058823529411	0.6481481481481481	35	33	44	5
sequence_plm_ppi_expression	rice	test	meta	0.4602385058311342	6705	49	0.871103896103896	0.8036953453639385	0.925	0.5844155844155844	0.5362318840579711	0.6788990825688074	37	32	45	3
sequence_plm_ppi_expression	arabidopsis	validation	meta	0.4602385058311342	6705	49	0.8400406504065041	0.6948592696927902	0.825	0.7317073170731707	0.5	0.6226415094339622	33	33	90	7
sequence_plm_ppi_expression	arabidopsis	test	meta	0.4602385058311342	6705	49	0.7922764227642276	0.5592315924494592	0.775	0.6666666666666666	0.4305555555555556	0.5535714285714286	31	41	82	9
