{
  "feature_definition": "95 shared biological + 6656 PLM = 6751",
  "rice_fixed_split": {
    "train": 934,
    "validation": 117,
    "test": 117
  },
  "ath_fixed_split": {
    "train": 2275,
    "validation": 163,
    "test": 163
  },
  "joint_training": {
    "total": 3209,
    "rice": 934,
    "arabidopsis": 2275,
    "species_total_weight_equalized": true,
    "ath_strict_addition_raw_weight": 0.5
  },
  "rice_baseline_method": "logit_mean",
  "rice_baseline_threshold": {
    "auc": 0.8045454545454547,
    "auprc": 0.7265966413562233,
    "threshold": 0.4015871584415436,
    "sensitivity": 0.8,
    "specificity": 0.6363636363636364,
    "precision": 0.5333333333333333,
    "f1": 0.64,
    "youden": 0.4363636363636365,
    "tp": 32.0,
    "fp": 28.0,
    "tn": 49.0,
    "fn": 8.0,
    "selection_rule": "SN>=0.80, then max SP, SN, F1"
  },
  "joint_method": "meta",
  "joint_threshold": {
    "threshold": 0.45597791914222807,
    "rice_sn": 0.85,
    "rice_sp": 0.5584415584415584,
    "rice_f1": 0.6296296296296297,
    "ath_sn": 0.8,
    "ath_sp": 0.8211382113821138,
    "ath_f1": 0.6808510638297872,
    "min_sn": 0.8,
    "min_sp": 0.5584415584415584,
    "mean_sp": 0.6897898849118361,
    "mean_sn": 0.825,
    "mean_f1": 0.6552403467297084,
    "selection_rule": "both species validation SN>=0.80; maximize min SP, then mean SP, mean SN, mean F1",
    "both_sn_feasible": true
  },
  "auxiliary_heads_threshold": {
    "threshold": 0.23586243391036987,
    "rice_sn": 0.825,
    "rice_sp": 0.5974025974025974,
    "rice_f1": 0.6346153846153846,
    "ath_sn": 0.8,
    "ath_sp": 0.6666666666666666,
    "ath_f1": 0.5663716814159292,
    "min_sn": 0.8,
    "min_sp": 0.5974025974025974,
    "mean_sp": 0.632034632034632,
    "mean_sn": 0.8125,
    "mean_f1": 0.6004935330156569,
    "selection_rule": "both species validation SN>=0.80; maximize min SP, then mean SP, mean SN, mean F1",
    "both_sn_feasible": true
  },
  "ath_existing_candidate": "global_mean_all_40_columns",
  "ath_existing_threshold": 0.3,
  "comparison": [
    {
      "model": "rice_strict399_N4_single_species_common6751",
      "evaluation_species": "rice",
      "auc": 0.8811688311688312,
      "auprc": 0.8295996878863517,
      "threshold": 0.4015871584415436,
      "sensitivity": 0.8,
      "specificity": 0.7272727272727273,
      "precision": 0.6037735849056604,
      "f1": 0.6881720430107527,
      "youden": 0.5272727272727273,
      "tp": 32,
      "fp": 21,
      "tn": 56,
      "fn": 8
    },
    {
      "model": "ath_strict2601_existing_single_species_common6751",
      "evaluation_species": "arabidopsis",
      "auc": 0.917479674796748,
      "auprc": 0.8387429431573079,
      "threshold": 0.3,
      "sensitivity": 0.825,
      "specificity": 0.8617886178861789,
      "precision": 0.66,
      "f1": 0.7333333333333333,
      "tp": 33,
      "fp": 17,
      "tn": 106,
      "fn": 7
    },
    {
      "model": "joint_common6751_stacking",
      "evaluation_species": "rice",
      "auc": 0.8902597402597403,
      "auprc": 0.8363276662901574,
      "threshold": 0.45597791914222807,
      "sensitivity": 0.95,
      "specificity": 0.5844155844155844,
      "precision": 0.5428571428571428,
      "f1": 0.6909090909090909,
      "youden": 0.5344155844155845,
      "tp": 38,
      "fp": 32,
      "tn": 45,
      "fn": 2
    },
    {
      "model": "joint_common6751_stacking",
      "evaluation_species": "arabidopsis",
      "auc": 0.9148373983739837,
      "auprc": 0.8275768057435997,
      "threshold": 0.45597791914222807,
      "sensitivity": 0.9,
      "specificity": 0.7560975609756098,
      "precision": 0.5454545454545454,
      "f1": 0.6792452830188679,
      "youden": 0.6560975609756099,
      "tp": 36,
      "fp": 30,
      "tn": 93,
      "fn": 4
    },
    {
      "model": "joint_common6751_auxiliary_species_heads_general_output",
      "evaluation_species": "rice",
      "auc": 0.8327922077922079,
      "auprc": 0.69447986469303,
      "threshold": 0.23586243391036987,
      "sensitivity": 0.875,
      "specificity": 0.6103896103896104,
      "precision": 0.5384615384615384,
      "f1": 0.6666666666666666,
      "youden": 0.4853896103896105,
      "tp": 35,
      "fp": 30,
      "tn": 47,
      "fn": 5
    },
    {
      "model": "joint_common6751_auxiliary_species_heads_general_output",
      "evaluation_species": "arabidopsis",
      "auc": 0.8081300813008131,
      "auprc": 0.5701789083431512,
      "threshold": 0.23586243391036987,
      "sensitivity": 0.85,
      "specificity": 0.5853658536585366,
      "precision": 0.4,
      "f1": 0.544,
      "youden": 0.43536585365853653,
      "tp": 34,
      "fp": 51,
      "tn": 72,
      "fn": 6
    },
    {
      "model": "leave_one_rice_only_to_arabidopsis",
      "evaluation_species": "arabidopsis",
      "auc": 0.6451219512195121,
      "auprc": 0.38200915853488077,
      "threshold": 0.4015871584415436,
      "sensitivity": 0.025,
      "specificity": 0.983739837398374,
      "precision": 0.3333333333333333,
      "f1": 0.046511627906976744,
      "youden": 0.008739837398374029,
      "tp": 1,
      "fp": 2,
      "tn": 121,
      "fn": 39
    },
    {
      "model": "leave_one_existing_ath2601_to_rice",
      "evaluation_species": "rice",
      "auc": 0.6548701298701297,
      "auprc": 0.6061274023578566,
      "threshold": 0.3,
      "sensitivity": 0.35,
      "specificity": 0.9090909090909091,
      "precision": 0.6666666666666666,
      "f1": 0.45901639344262296,
      "youden": 0.25909090909090904,
      "tp": 14,
      "fp": 7,
      "tn": 70,
      "fn": 26
    }
  ]
}