model	evaluation_species	auc	auprc	threshold	sensitivity	specificity	precision	f1	youden	tp	fp	tn	fn
rice_strict399_N4_single_species_common6751	rice	0.8811688311688312	0.8295996878863517	0.4015871584415436	0.8	0.7272727272727273	0.6037735849056604	0.6881720430107527	0.5272727272727273	32	21	56	8
ath_strict2601_existing_single_species_common6751	arabidopsis	0.917479674796748	0.8387429431573079	0.3	0.825	0.8617886178861789	0.66	0.7333333333333333		33	17	106	7
joint_common6751_stacking	rice	0.8902597402597403	0.8363276662901574	0.45597791914222807	0.95	0.5844155844155844	0.5428571428571428	0.6909090909090909	0.5344155844155845	38	32	45	2
joint_common6751_stacking	arabidopsis	0.9148373983739837	0.8275768057435997	0.45597791914222807	0.9	0.7560975609756098	0.5454545454545454	0.6792452830188679	0.6560975609756099	36	30	93	4
joint_common6751_auxiliary_species_heads_general_output	rice	0.8327922077922079	0.69447986469303	0.23586243391036987	0.875	0.6103896103896104	0.5384615384615384	0.6666666666666666	0.4853896103896105	35	30	47	5
joint_common6751_auxiliary_species_heads_general_output	arabidopsis	0.8081300813008131	0.5701789083431512	0.23586243391036987	0.85	0.5853658536585366	0.4	0.544	0.43536585365853653	34	51	72	6
leave_one_rice_only_to_arabidopsis	arabidopsis	0.6451219512195121	0.38200915853488077	0.4015871584415436	0.025	0.983739837398374	0.3333333333333333	0.046511627906976744	0.008739837398374029	1	2	121	39
leave_one_existing_ath2601_to_rice	rice	0.6548701298701297	0.6061274023578566	0.3	0.35	0.9090909090909091	0.6666666666666666	0.45901639344262296	0.25909090909090904	14	7	70	26
