method	rice_validation_auc	ath_validation_auc	min_validation_auc	mean_validation_auc	threshold	min_validation_sp
meta	0.823051948051948	0.9136178861788617	0.823051948051948	0.8683349171154049	0.45597791914222807	0.5584415584415584
logit_mean	0.8178571428571428	0.9091463414634147	0.8178571428571428	0.8635017421602788	0.23028697073459625	0.5714285714285714
mean	0.8129870129870129	0.9040650406504065	0.8129870129870129	0.8585260268187097	0.26534953713417053	0.5454545454545454
