profile	evaluation_species	split	selected_method	threshold	feature_count	bio_feature_count	auc	auprc	sensitivity	specificity	precision	f1	tp	fp	tn	fn
sequence_plm_go_expression	rice	validation	meta	0.4985608267298507	6729	73	0.8250000000000001	0.7469873823416141	0.85	0.5584415584415584	0.5	0.6296296296296297	34	34	43	6
sequence_plm_go_expression	rice	test	meta	0.4985608267298507	6729	73	0.8688311688311688	0.7971961284877934	0.875	0.5974025974025974	0.5303030303030303	0.660377358490566	35	31	46	5
sequence_plm_go_expression	arabidopsis	validation	meta	0.4985608267298507	6729	73	0.8829268292682927	0.8091227442965322	0.8	0.8536585365853658	0.64	0.7111111111111111	32	18	105	8
sequence_plm_go_expression	arabidopsis	test	meta	0.4985608267298507	6729	73	0.908739837398374	0.8023266570418753	0.825	0.7804878048780488	0.55	0.66	33	27	96	7
