profile	evaluation_species	split	selected_method	threshold	feature_count	bio_feature_count	auc	auprc	sensitivity	specificity	precision	f1	tp	fp	tn	fn
sequence_plm_ppi	rice	validation	meta	0.4186528652660325	6701	45	0.7951298701298702	0.704979277002972	0.875	0.4025974025974026	0.43209876543209874	0.5785123966942148	35	46	31	5
sequence_plm_ppi	rice	test	meta	0.4186528652660325	6701	45	0.8444805194805195	0.7652574162834079	0.925	0.5714285714285714	0.5285714285714286	0.6727272727272727	37	33	44	3
sequence_plm_ppi	arabidopsis	validation	meta	0.4186528652660325	6701	45	0.8231707317073171	0.6902407299198572	0.8	0.6097560975609756	0.4	0.5333333333333333	32	48	75	8
sequence_plm_ppi	arabidopsis	test	meta	0.4186528652660325	6701	45	0.7853658536585365	0.5992336629601179	0.775	0.5934959349593496	0.38271604938271603	0.512396694214876	31	50	73	9
