profile	evaluation_species	split	selected_method	threshold	feature_count	bio_feature_count	auc	auprc	sensitivity	specificity	precision	f1	tp	fp	tn	fn
sequence_plm_go	rice	validation	logit_mean	0.2127634584903717	6725	69	0.7824675324675324	0.7129437670270621	0.8	0.4935064935064935	0.4507042253521127	0.5765765765765766	32	39	38	8
sequence_plm_go	rice	test	logit_mean	0.2127634584903717	6725	69	0.8383116883116883	0.7320787324295487	0.9	0.6103896103896104	0.5454545454545454	0.6792452830188679	36	30	47	4
sequence_plm_go	arabidopsis	validation	logit_mean	0.2127634584903717	6725	69	0.8725609756097561	0.7984631455941317	0.8	0.7560975609756098	0.5161290322580645	0.6274509803921569	32	30	93	8
sequence_plm_go	arabidopsis	test	logit_mean	0.2127634584903717	6725	69	0.910569105691057	0.800650564706716	0.85	0.7479674796747967	0.5230769230769231	0.6476190476190476	34	31	92	6
