profile	evaluation_species	split	selected_method	threshold	feature_count	bio_feature_count	auc	auprc	sensitivity	specificity	precision	f1	tp	fp	tn	fn
full_uploadable_without_cross_species_homologs	rice	validation	meta	0.44202938875419195	6751	95	0.8233766233766234	0.7545905532990134	0.85	0.5454545454545454	0.4927536231884058	0.6238532110091743	34	35	42	6
full_uploadable_without_cross_species_homologs	rice	test	meta	0.44202938875419195	6751	95	0.8922077922077922	0.841100578758318	0.95	0.5714285714285714	0.5352112676056338	0.6846846846846847	38	33	44	2
full_uploadable_without_cross_species_homologs	arabidopsis	validation	meta	0.44202938875419195	6751	95	0.9128048780487805	0.8368590682107475	0.85	0.8211382113821138	0.6071428571428571	0.7083333333333334	34	22	101	6
full_uploadable_without_cross_species_homologs	arabidopsis	test	meta	0.44202938875419195	6751	95	0.916260162601626	0.829917149053012	0.9	0.7317073170731707	0.5217391304347826	0.6605504587155964	36	33	90	4
