profile	evaluation_species	split	selected_method	threshold	feature_count	bio_feature_count	auc	auprc	sensitivity	specificity	precision	f1	tp	fp	tn	fn
sequence_plm_go_ppi_expression	rice	validation	meta	0.5072612279098102	6731	75	0.8262987012987013	0.7423601539521671	0.85	0.5974025974025974	0.5230769230769231	0.6476190476190476	34	31	46	6
sequence_plm_go_ppi_expression	rice	test	meta	0.5072612279098102	6731	75	0.8724025974025974	0.8054203356443351	0.9	0.6103896103896104	0.5454545454545454	0.6792452830188679	36	30	47	4
sequence_plm_go_ppi_expression	arabidopsis	validation	meta	0.5072612279098102	6731	75	0.883739837398374	0.8156805825729105	0.8	0.8536585365853658	0.64	0.7111111111111111	32	18	105	8
sequence_plm_go_ppi_expression	arabidopsis	test	meta	0.5072612279098102	6731	75	0.9079268292682927	0.8011383962582468	0.825	0.7642276422764228	0.532258064516129	0.6470588235294118	33	29	94	7
